Num,运算符和实例,Sources
,,
1,https://www.notion.so/dba55df954a1405fb6df2c91dd103a77,https://www.runoob.com/cplusplus/unary-operators-overloading.html
2,https://www.notion.so/4cfa26fdee2e4cb7adc95fc756813fa9,https://www.runoob.com/cplusplus/binary-operators-overloading.html
3,https://www.notion.so/147dc1b1eadb42039a7ccbb2d075776b,https://www.runoob.com/cplusplus/relational-operators-overloading.html
4,https://www.notion.so/6f7ce3a93ac54d998cf2a107a92ba2d3,https://www.runoob.com/cplusplus/input-output-operators-overloading.html
5,https://www.notion.so/dba55df954a1405fb6df2c91dd103a77（一元）,https://www.runoob.com/cplusplus/increment-decrement-operators-overloading.html
6,https://www.notion.so/8ec15122400e4dbda0672a0912aaecd0,https://www.runoob.com/cplusplus/assignment-operators-overloading.html
7,https://www.notion.so/d1edf423a8f34bfcae02c3ce67cab9cb,https://www.runoob.com/cplusplus/function-call-operator-overloading.html
8,https://www.notion.so/b8be21892f2b43fbb0f514bc821806b0,https://www.runoob.com/cplusplus/subscripting-operator-overloading.html
9,https://www.notion.so/04020e65451042049ecd803b7bee1d63,https://www.runoob.com/cplusplus/class-member-access-operator-overloading.html